{"cameraMode":{"drawMode":0,"name":"Shaded","section":"Shading Mode"},"sceneLighting":false,"audioPlay":false,"sceneViewState":{"m_AlwaysRefresh":false,"showFog":true,"showSkybox":false,"showFlares":true,"showImageEffects":true,"showParticleSystems":true,"showVisualEffectGraphs":true,"m_FxEnabled":true},"in2DMode":false,"pivot":{"x":-104.65316772460938,"y":12.835796356201172,"z":-4.8224077224731449},"rotation":{"x":-0.04541109502315521,"y":0.33977338671684267,"z":-0.01642700843513012,"w":-0.9392667412757874},"size":12.674712181091309,"orthographic":false}